Carrier,Service,Vessel Name,Voyage Number,IMO Number,Transit,Origin,Origin Code,Origin CY Cut-off,Departs,Load Port,Load Port Code,Load Terminal,Terminal CY Cut-Off,Destination,Destination Code,Arrives,Discharge Port,Discharge Port Code,Discharge Terminal,Mode
EVERGREEN,CIX,JEJU ISLAND,W013,9308417,8 days,SINGAPORE,SGSIN,,1/8/2022 0:00,SINGAPORE,SGSIN,,,NHAVA SHEVA,INNSA,8/8/2022 0:00,NHAVA SHEVA,INNSA,,----SEA
GOLD STAR,CI3,ZIM CHARLESTON,7,9461506,9 days,SINGAPORE,SGSIN,,1/8/2022 0:00,SINGAPORE,SGSIN,,,NHAVA SHEVA,INNSA,9/8/2022 0:00,NHAVA SHEVA,INNSA,,SEA
HMM,PS3,ONE COMPETENCE,0081W,9339662,9 days,SINGAPORE,SGSIN,,1/8/2022 0:00,SINGAPORE,SGSIN,,,NHAVA SHEVA,INNSA,10/8/2022 0:00,NHAVA SHEVA,INNSA,,SEA
GOLD STAR,CI6,ONE COMPETENCE,26,9339662,10 days,SINGAPORE,SGSIN,,1/8/2022 0:00,SINGAPORE,SGSIN,,,NHAVA SHEVA,INNSA,10/8/2022 0:00,NHAVA SHEVA,INNSA,,SEA
EVERGREEN MARINE,CIX,JEJU ISLAND,W013,9308417,8 days,SINGAPORE,SGSIN,,1/8/2022 0:00,SINGAPORE,SGSIN,,,NHAVA SHEVA,INNSA,8/8/2022 0:00,NHAVA SHEVA,INNSA,,----SEA
HAPAG LLOYD,CIX,JEJU ISLAND,W013,9308417,7 days,SINGAPORE,SGSIN,31/7/2022 16:00,1/8/2022 4:00,SINGAPORE,SGSIN,,31/7/2022 16:00,NHAVA SHEVA,INNSA,8/8/2022 20:00,NHAVA SHEVA,INNSA,,SEA
OOCL,CIX3,ZIM CHARLESTON,7W,9461506,8 days,SINGAPORE,SGSIN,30/7/2022 21:30,1/8/2022 8:30,SINGAPORE,SGSIN,,30/7/2022 21:30,NHAVA SHEVA,INNSA,9/8/2022 20:45,NHAVA SHEVA,INNSA,,SEA
APL,C3MAPL,HR HERA,G0SA1NAPL,9175614,6 days,SINGAPORE,SGSIN,30/7/2022 20:00,1/8/2022 17:00,SINGAPORE,SGSIN,,30/7/2022 20:00,NHAVA SHEVA,INNSA,7/8/2022 19:00,NHAVA SHEVA,INNSA,,SEA-SEA
APL,AS6,COSCO THAILAND,0KC3FW1PL,9448798,5 days,SINGAPORE,SGSIN,31/7/2022 18:00,1/8/2022 23:00,SINGAPORE,SGSIN,,31/7/2022 18:00,NHAVA SHEVA,INNSA,7/8/2022 19:00,NHAVA SHEVA,INNSA,,SEA-SEA
APL,AS6,COSCO THAILAND,0KC3FW1PL,9448798,6 days,SINGAPORE,SGSIN,31/7/2022 18:00,1/8/2022 23:00,SINGAPORE,SGSIN,,31/7/2022 18:00,NHAVA SHEVA,INNSA,7/8/2022 22:00,NHAVA SHEVA,INNSA,,SEA
HMM,TNS,CLEMENS SCHULTE,0014W,9665671,14 days,SINGAPORE,SGSIN,,2/8/2022 0:00,SINGAPORE,SGSIN,,,NHAVA SHEVA,INNSA,16/8/2022 0:00,NHAVA SHEVA,INNSA,,SEA
GOLD STAR,CI3,OOCL GENOA,19,9613587,9 days,SINGAPORE,SGSIN,,2/8/2022 0:00,SINGAPORE,SGSIN,,,NHAVA SHEVA,INNSA,11/8/2022 0:00,NHAVA SHEVA,INNSA,,SEA
APL,C3MAPL,---,1748INAPL,9999999,5 days,SINGAPORE,SGSIN,31/7/2022 13:45,2/8/2022 0:45,SINGAPORE,SGSIN,,31/7/2022 13:45,NHAVA SHEVA,INNSA,7/8/2022 22:00,NHAVA SHEVA,INNSA,,SEA-SEA
APL,C3MAPL,---,1748INAPL,9999999,5 days,SINGAPORE,SGSIN,31/7/2022 13:45,2/8/2022 0:45,SINGAPORE,SGSIN,,31/7/2022 13:45,NHAVA SHEVA,INNSA,7/8/2022 19:00,NHAVA SHEVA,INNSA,,SEA-SEA
Ocean Network Express,TIP,CLEMENS SCHULTE,014W,9665671,16 days,SINGAPORE,SGSIN,31/7/2022 12:00,2/8/2022 7:30,SINGAPORE,SGSIN,,31/7/2022 12:00,NHAVA SHEVA,INNSA,16/8/2022 15:00,NHAVA SHEVA,INNSA,,SEA
APL,C3MAPL,HR RHEA,G2SA1NAPL,9175597,5 days,SINGAPORE,SGSIN,1/8/2022 10:00,2/8/2022 8:00,SINGAPORE,SGSIN,,1/8/2022 10:00,NHAVA SHEVA,INNSA,7/8/2022 19:00,NHAVA SHEVA,INNSA,,SEA-SEA
HAPAG LLOYD,PS3,ONE COMPETENCE,081W,9339662,9 days,SINGAPORE,SGSIN,1/8/2022 2:00,2/8/2022 10:00,SINGAPORE,SGSIN,,1/8/2022 2:00,NHAVA SHEVA,INNSA,11/8/2022 0:01,NHAVA SHEVA,INNSA,,SEA
HAPAG LLOYD,EC5,HUMEN BRIDGE,084E,9302164,16 days,SINGAPORE,SGSIN,1/8/2022 4:30,2/8/2022 10:30,SINGAPORE,SGSIN,,1/8/2022 4:30,NHAVA SHEVA,INNSA,18/8/2022 0:00,NHAVA SHEVA,INNSA,,SEA----
OOCL,CIX3,OOCL GENOA,058W,9613587,9 days,SINGAPORE,SGSIN,1/8/2022 8:00,2/8/2022 16:00,SINGAPORE,SGSIN,,1/8/2022 8:00,NHAVA SHEVA,INNSA,11/8/2022 6:00,NHAVA SHEVA,INNSA,,SEA
CMA CGM,CIX,OOCL GENOA,0FB6DW1MA,9613587,8 days,SINGAPORE,SGSIN,1/8/2022 0:00,2/8/2022 18:30,SINGAPORE,SGSIN,,1/8/2022 0:00,NHAVA SHEVA,INNSA,11/8/2022 9:00,NHAVA SHEVA,INNSA,,SEA
APL,CIX,OOCL GENOA,0FB6DW1PL,9613587,8 days,SINGAPORE,SGSIN,1/8/2022 6:30,2/8/2022 18:30,SINGAPORE,SGSIN,,1/8/2022 6:30,NHAVA SHEVA,INNSA,11/8/2022 9:00,NHAVA SHEVA,INNSA,,SEA
EVERGREEN MARINE,CIX,ITAL UNICA,151W,9196981,9 days,SINGAPORE,SGSIN,,2/8/2022 0:00,SINGAPORE,SGSIN,,,NHAVA SHEVA,INNSA,11/8/2022 0:00,NHAVA SHEVA,INNSA,,----SEA
EVERGREEN,CIX,ITAL UNICA,151W,9196981,9 days,SINGAPORE,SGSIN,,2/8/2022 0:00,SINGAPORE,SGSIN,,,NHAVA SHEVA,INNSA,11/8/2022 0:00,NHAVA SHEVA,INNSA,,----SEA
GOLD STAR,CI4,HANS SCHULTE,22,9531909,6 days,SINGAPORE,SGSIN,,3/8/2022 0:00,SINGAPORE,SGSIN,,,NHAVA SHEVA,INNSA,9/8/2022 0:00,NHAVA SHEVA,INNSA,,SEA
HAPAG LLOYD,CIX,ITAL UNICA,W151,9196981,8 days,SINGAPORE,SGSIN,3/8/2022 2:00,3/8/2022 17:00,SINGAPORE,SGSIN,,3/8/2022 2:00,NHAVA SHEVA,INNSA,11/8/2022 0:30,NHAVA SHEVA,INNSA,,SEA
APL,AS1,HANS SCHULTE,0FF6FW1PL,9531909,5 days,SINGAPORE,SGSIN,2/8/2022 12:00,3/8/2022 18:00,SINGAPORE,SGSIN,,2/8/2022 12:00,NHAVA SHEVA,INNSA,9/8/2022 11:00,NHAVA SHEVA,INNSA,,SEA
Ocean Network Express,SIX,SINAR SUNDA,117W,9866469,7 days,SINGAPORE,SGSIN,1/8/2022 12:00,3/8/2022 18:00,SINGAPORE,SGSIN,,1/8/2022 12:00,NHAVA SHEVA,INNSA,8/8/2022 18:00,NHAVA SHEVA,INNSA,,SEA
CMA CGM,AS1,HANS SCHULTE,0FF6FW1MA,9531909,5 days,SINGAPORE,SGSIN,2/8/2022 0:00,3/8/2022 19:30,SINGAPORE,SGSIN,,2/8/2022 0:00,NHAVA SHEVA,INNSA,9/8/2022 12:30,NHAVA SHEVA,INNSA,,SEA
MSC,NEW FALCON SERVICE,MSC BARBADOS,FK229A,9289544,8 days,SINGAPORE,SGSIN,,3/8/2022 20:00,SINGAPORE,SGSIN,,,NHAVA SHEVA,INNSA,11/8/2022 11:00,NHAVA SHEVA,INNSA,,SEA
COSCO,AS1,HANS SCHULTE,0FF6FW1MA,9531909,6 days,SINGAPORE,SGSIN,2/8/2022 17:30,3/8/2022 20:30,SINGAPORE,SGSIN,,2/8/2022 17:30,NHAVA SHEVA,INNSA,9/8/2022 13:30,NHAVA SHEVA,INNSA,,FEEDER
GOLD STAR,CI1,COSCO THAILAND,30,9448798,7 days,SINGAPORE,SGSIN,,4/8/2022 0:00,SINGAPORE,SGSIN,,,NHAVA SHEVA,INNSA,11/8/2022 0:00,NHAVA SHEVA,INNSA,,SEA
PIL,,CALAIS TRADER,018W,,8 days,SINGAPORE,SGSIN,,4/8/2022 0:00,SINGAPORE,SGSIN,,,NHAVA SHEVA,INNSA,12/8/2022 0:00,NHAVA SHEVA,INNSA,,SEA
CMA CGM,AS6,COSCO THAILAND,0KC3FW1MA,9448798,7 days,SINGAPORE,SGSIN,3/8/2022 0:00,4/8/2022 4:00,SINGAPORE,SGSIN,,3/8/2022 0:00,NHAVA SHEVA,INNSA,11/8/2022 6:00,NHAVA SHEVA,INNSA,,SEA
COSCO,CI1,COSCO THAILAND,087W,9448798,7 days,SINGAPORE,SGSIN,30/7/2022 23:00,4/8/2022 4:00,SINGAPORE,SGSIN,,30/7/2022 23:00,NHAVA SHEVA,INNSA,11/8/2022 6:00,NHAVA SHEVA,INNSA,,FEEDER
OOCL,CIX1,COSCO THAILAND,087W,9448798,7 days,SINGAPORE,SGSIN,3/8/2022 2:00,4/8/2022 4:00,SINGAPORE,SGSIN,,3/8/2022 2:00,NHAVA SHEVA,INNSA,11/8/2022 6:00,NHAVA SHEVA,INNSA,,SEA
OOCL,WIX,HAIAN MIND,22010W,9503691,8 days,SINGAPORE,SGSIN,3/8/2022 4:00,4/8/2022 8:00,SINGAPORE,SGSIN,,3/8/2022 4:00,NHAVA SHEVA,INNSA,12/8/2022 16:00,NHAVA SHEVA,INNSA,,SEA
COSCO,SIS,HAIAN MIND,22010W,9503691,8 days,SINGAPORE,SGSIN,27/7/2022 8:00,4/8/2022 8:00,SINGAPORE,SGSIN,,27/7/2022 8:00,NHAVA SHEVA,INNSA,12/8/2022 16:00,NHAVA SHEVA,INNSA,,FEEDER
OOCL,WIX,HANSA ROTENBURG,913W,9401673,9 days,SINGAPORE,SGSIN,3/8/2022 14:00,4/8/2022 18:00,SINGAPORE,SGSIN,,3/8/2022 14:00,NHAVA SHEVA,INNSA,13/8/2022 12:00,NHAVA SHEVA,INNSA,,SEA
COSCO,SIS,HANSA ROTENBURG,913W,9401673,9 days,SINGAPORE,SGSIN,3/8/2022 8:00,4/8/2022 18:00,SINGAPORE,SGSIN,,3/8/2022 8:00,NHAVA SHEVA,INNSA,13/8/2022 12:00,NHAVA SHEVA,INNSA,,FEEDER
HMM,CI3,EVER ULYSSES,0145W,9196955,8 days,SINGAPORE,SGSIN,,5/8/2022 0:00,SINGAPORE,SGSIN,,,NHAVA SHEVA,INNSA,13/8/2022 0:00,NHAVA SHEVA,INNSA,,SEA
EVERGREEN MARINE,CIX2,EVER ULYSSES,145W,9196955,9 days,SINGAPORE,SGSIN,,4/8/2022 0:00,SINGAPORE,SGSIN,,,NHAVA SHEVA,INNSA,13/8/2022 0:00,NHAVA SHEVA,INNSA,,----SEA
EVERGREEN,CIX2,EVER ULYSSES,145W,9196955,9 days,SINGAPORE,SGSIN,,4/8/2022 0:00,SINGAPORE,SGSIN,,,NHAVA SHEVA,INNSA,13/8/2022 0:00,NHAVA SHEVA,INNSA,,----SEA
Ocean Network Express,NCI,EVER ULYSSES,145W,9196955,12 days,SINGAPORE,SGSIN,3/8/2022 12:00,5/8/2022 7:00,SINGAPORE,SGSIN,,3/8/2022 12:00,NHAVA SHEVA,INNSA,15/8/2022 6:00,NHAVA SHEVA,INNSA,,SEA
MAERSK,TP11,CCNI ANDES,230E,9718935,23 days,SINGAPORE,SGSIN,,5/8/2022 8:00,SINGAPORE,SGSIN,,,NHAVA SHEVA,INNSA,27/8/2022 18:00,NHAVA SHEVA,INNSA,,SEA-TRUCK-SEA
MAERSK,TP11,CCNI ANDES,230E,9718935,16 days,SINGAPORE,SGSIN,,5/8/2022 8:00,SINGAPORE,SGSIN,,,NHAVA SHEVA,INNSA,21/8/2022 6:00,NHAVA SHEVA,INNSA,,SEA-TRUCK-SEA
MAERSK,TP11,CCNI ANDES,230E,9718935,16 days,SINGAPORE,SGSIN,,3/8/2022 20:01,SINGAPORE,SGSIN,,,NHAVA SHEVA,INNSA,21/8/2022 6:00,NHAVA SHEVA,INNSA,,TRUCK-SEA-TRUCK-SEA
MAERSK,TP11,CCNI ANDES,230E,9718935,23 days,SINGAPORE,SGSIN,,3/8/2022 20:01,SINGAPORE,SGSIN,,,NHAVA SHEVA,INNSA,27/8/2022 18:00,NHAVA SHEVA,INNSA,,TRUCK-SEA-TRUCK-SEA
HMM,TNS,SEASPAN CHIBA,0009W,9492713,15 days,SINGAPORE,SGSIN,,6/8/2022 0:00,SINGAPORE,SGSIN,,,NHAVA SHEVA,INNSA,21/8/2022 0:00,NHAVA SHEVA,INNSA,,SEA
Ocean Network Express,TIP,SEASPAN CHIBA,009W,9492713,17 days,SINGAPORE,SGSIN,4/8/2022 12:00,6/8/2022 18:00,SINGAPORE,SGSIN,,4/8/2022 12:00,NHAVA SHEVA,INNSA,21/8/2022 18:00,NHAVA SHEVA,INNSA,,SEA
MSC,NEW FALCON SERVICE,MSC SONIA,FK230A,9404663,7 days,SINGAPORE,SGSIN,,7/8/2022 2:30,SINGAPORE,SGSIN,,,NHAVA SHEVA,INNSA,14/8/2022 17:30,NHAVA SHEVA,INNSA,,SEA
APL,C3MAPL,EVER USEFUL,2295LWAPL,9168879,8 days,SINGAPORE,SGSIN,7/8/2022 3:59,8/8/2022 14:59,SINGAPORE,SGSIN,,7/8/2022 3:59,NHAVA SHEVA,INNSA,16/8/2022 13:59,NHAVA SHEVA,INNSA,,SEA
HAPAG LLOYD,EC5,ONE HELSINKI,049E,9588081,15 days,SINGAPORE,SGSIN,7/8/2022 16:30,8/8/2022 17:30,SINGAPORE,SGSIN,,7/8/2022 16:30,NHAVA SHEVA,INNSA,23/8/2022 0:00,NHAVA SHEVA,INNSA,,SEA----
OOCL,CIX3,AKA BHUM,008W,9307011,8 days,SINGAPORE,SGSIN,7/8/2022 14:00,8/8/2022 22:00,SINGAPORE,SGSIN,,7/8/2022 14:00,NHAVA SHEVA,INNSA,16/8/2022 14:00,NHAVA SHEVA,INNSA,,SEA
APL,CIX,AKA BHUM,0FB6FW1PL,9307011,7 days,SINGAPORE,SGSIN,7/8/2022 10:00,8/8/2022 22:00,SINGAPORE,SGSIN,,7/8/2022 10:00,NHAVA SHEVA,INNSA,16/8/2022 14:00,NHAVA SHEVA,INNSA,,SEA
CMA CGM,CIX,AKA BHUM,0FB6FW1MA,9307011,7 days,SINGAPORE,SGSIN,7/8/2022 0:00,8/8/2022 22:00,SINGAPORE,SGSIN,,7/8/2022 0:00,NHAVA SHEVA,INNSA,16/8/2022 14:00,NHAVA SHEVA,INNSA,,SEA
HMM,CIX,HYUNDAI BUSAN,0139W,9305659,10 days,SINGAPORE,SGSIN,,9/8/2022 0:00,SINGAPORE,SGSIN,,,NHAVA SHEVA,INNSA,19/8/2022 0:00,NHAVA SHEVA,INNSA,,SEA
Ocean Network Express,SIX,SINAR SORONG,138W,9866471,8 days,SINGAPORE,SGSIN,7/8/2022 12:00,9/8/2022 18:00,SINGAPORE,SGSIN,,7/8/2022 12:00,NHAVA SHEVA,INNSA,15/8/2022 18:00,NHAVA SHEVA,INNSA,,SEA
GOLD STAR,UNK,SONGA LEOPARD,3,9501772,9 days,SINGAPORE,SGSIN,,10/8/2022 0:00,SINGAPORE,SGSIN,,,NHAVA SHEVA,INNSA,19/8/2022 0:00,NHAVA SHEVA,INNSA,,SEA
APL,C3MAPL,CELSIUS NAPLES,2275LWAPL,9400136,9 days,SINGAPORE,SGSIN,8/8/2022 23:30,10/8/2022 10:30,SINGAPORE,SGSIN,,8/8/2022 23:30,NHAVA SHEVA,INNSA,19/8/2022 9:30,NHAVA SHEVA,INNSA,,SEA
EVERGREEN MARINE,CIX2,CELSIUS NAPLES,890W,9400136,10 days,SINGAPORE,SGSIN,,10/8/2022 0:00,SINGAPORE,SGSIN,,,NHAVA SHEVA,INNSA,20/8/2022 0:00,NHAVA SHEVA,INNSA,,----SEA
GOLD STAR,CI3,AKA BHUM,87,9307011,8 days,SINGAPORE,SGSIN,,11/8/2022 0:00,SINGAPORE,SGSIN,,,NHAVA SHEVA,INNSA,18/8/2022 0:00,NHAVA SHEVA,INNSA,,SEA
EVERGREEN,CIX2,CELSIUS NAPLES,890W,9400136,10 days,SINGAPORE,SGSIN,,10/8/2022 0:00,SINGAPORE,SGSIN,,,NHAVA SHEVA,INNSA,20/8/2022 0:00,NHAVA SHEVA,INNSA,,----SEA
OOCL,WIX,SONGA LEOPARD,892W,9501772,9 days,SINGAPORE,SGSIN,10/8/2022 12:00,11/8/2022 18:00,SINGAPORE,SGSIN,,10/8/2022 12:00,NHAVA SHEVA,INNSA,20/8/2022 12:00,NHAVA SHEVA,INNSA,,SEA
PIL,,URU BHUM,109W,,8 days,SINGAPORE,SGSIN,,12/8/2022 0:00,SINGAPORE,SGSIN,,,NHAVA SHEVA,INNSA,20/8/2022 0:00,NHAVA SHEVA,INNSA,,SEA
HMM,CI3,CELSIUS NAPLES,0002W,9400136,10 days,SINGAPORE,SGSIN,,12/8/2022 0:00,SINGAPORE,SGSIN,,,NHAVA SHEVA,INNSA,22/8/2022 0:00,NHAVA SHEVA,INNSA,,SEA
GOLD STAR,CI3,OOCL NEW YORK,129,9198109,9 days,SINGAPORE,SGSIN,,12/8/2022 0:00,SINGAPORE,SGSIN,,,NHAVA SHEVA,INNSA,21/8/2022 0:00,NHAVA SHEVA,INNSA,,SEA
OOCL,CIX3,OOCL NEW YORK,088W,9198109,9 days,SINGAPORE,SGSIN,11/8/2022 13:30,12/8/2022 21:30,SINGAPORE,SGSIN,,11/8/2022 13:30,NHAVA SHEVA,INNSA,21/8/2022 19:00,NHAVA SHEVA,INNSA,,SEA
APL,CIX,OOCL NEW YORK,0FB6JW1PL,9198109,9 days,SINGAPORE,SGSIN,11/8/2022 9:30,12/8/2022 21:30,SINGAPORE,SGSIN,,11/8/2022 9:30,NHAVA SHEVA,INNSA,21/8/2022 19:00,NHAVA SHEVA,INNSA,,SEA
CMA CGM,CIX,OOCL NEW YORK,0FB6JW1MA,9198109,9 days,SINGAPORE,SGSIN,11/8/2022 0:00,12/8/2022 21:30,SINGAPORE,SGSIN,,11/8/2022 0:00,NHAVA SHEVA,INNSA,21/8/2022 19:00,NHAVA SHEVA,INNSA,,SEA
HAPAG LLOYD,EC5,HYUNDAI FAITH,100E,9347554,16 days,SINGAPORE,SGSIN,12/8/2022 5:00,13/8/2022 11:00,SINGAPORE,SGSIN,,12/8/2022 5:00,NHAVA SHEVA,INNSA,29/8/2022 0:00,NHAVA SHEVA,INNSA,,SEA----
Ocean Network Express,TIP,WIDE HOTEL,014W,9694593,17 days,SINGAPORE,SGSIN,11/8/2022 12:00,13/8/2022 18:00,SINGAPORE,SGSIN,,11/8/2022 12:00,NHAVA SHEVA,INNSA,28/8/2022 18:00,NHAVA SHEVA,INNSA,,SEA
Ocean Network Express,NCI,CELSIUS NAPLES,890W,9400136,11 days,SINGAPORE,SGSIN,11/8/2022 12:00,13/8/2022 23:00,SINGAPORE,SGSIN,,11/8/2022 12:00,NHAVA SHEVA,INNSA,21/8/2022 20:00,NHAVA SHEVA,INNSA,,SEA
HMM,TNS,WIDE HOTEL,0094W,9694593,15 days,SINGAPORE,SGSIN,,14/8/2022 0:00,SINGAPORE,SGSIN,,,NHAVA SHEVA,INNSA,29/8/2022 0:00,NHAVA SHEVA,INNSA,,SEA
MSC,NEW FALCON SERVICE,MSC TERESA,FK231A,9469560,7 days,SINGAPORE,SGSIN,,14/8/2022 2:30,SINGAPORE,SGSIN,,,NHAVA SHEVA,INNSA,21/8/2022 17:30,NHAVA SHEVA,INNSA,,SEA
EVERGREEN,CIX,GABRIELA A,W005,9312432,8 days,SINGAPORE,SGSIN,,14/8/2022 0:00,SINGAPORE,SGSIN,,,NHAVA SHEVA,INNSA,22/8/2022 0:00,NHAVA SHEVA,INNSA,,----SEA
EVERGREEN MARINE,CIX,GABRIELA A,W005,9312432,8 days,SINGAPORE,SGSIN,,14/8/2022 0:00,SINGAPORE,SGSIN,,,NHAVA SHEVA,INNSA,22/8/2022 0:00,NHAVA SHEVA,INNSA,,----SEA
GOLD STAR,CI4,APL OREGON,53,9532783,8 days,SINGAPORE,SGSIN,,15/8/2022 0:00,SINGAPORE,SGSIN,,,NHAVA SHEVA,INNSA,22/8/2022 0:00,NHAVA SHEVA,INNSA,,SEA
APL,C3MAPL,HAIAN EAST,357C3NAPL,9363144,8 days,SINGAPORE,SGSIN,14/8/2022 3:00,15/8/2022 1:00,SINGAPORE,SGSIN,,14/8/2022 3:00,NHAVA SHEVA,INNSA,23/8/2022 21:39,NHAVA SHEVA,INNSA,,SEA-SEA
APL,C3MAPL,---,403C3NAPL,9999999,8 days,SINGAPORE,SGSIN,14/8/2022 5:00,15/8/2022 3:00,SINGAPORE,SGSIN,,14/8/2022 5:00,NHAVA SHEVA,INNSA,23/8/2022 21:39,NHAVA SHEVA,INNSA,,SEA-SEA
APL,AS1,APL OREGON,0FF6JW1PL,9532783,7 days,SINGAPORE,SGSIN,13/8/2022 23:00,15/8/2022 6:00,SINGAPORE,SGSIN,,13/8/2022 23:00,NHAVA SHEVA,INNSA,22/8/2022 15:00,NHAVA SHEVA,INNSA,,SEA
Ocean Network Express,PS3,ONE COMPETENCE,081W,9339662,12 days,SINGAPORE,SGSIN,13/8/2022 12:00,15/8/2022 9:00,SINGAPORE,SGSIN,,13/8/2022 12:00,NHAVA SHEVA,INNSA,25/8/2022 0:00,NHAVA SHEVA,INNSA,,SEA
APL,AS9,KOTA MEGAH,0HG51W1PL,9632765,5 days,SINGAPORE,SGSIN,14/8/2022 5:15,15/8/2022 10:15,SINGAPORE,SGSIN,,14/8/2022 5:15,NHAVA SHEVA,INNSA,21/8/2022 5:41,NHAVA SHEVA,INNSA,,SEA
APL,CMS2CNC,XIN XU ZHOU,0HM5AN1PL,9523081,8 days,SINGAPORE,SGSIN,14/8/2022 14:30,15/8/2022 17:30,SINGAPORE,SGSIN,,14/8/2022 14:30,NHAVA SHEVA,INNSA,23/8/2022 21:39,NHAVA SHEVA,INNSA,,SEA-SEA
GOLD STAR,CWX,CALIFORNIA TRADER,26,9771664,4 days,SINGAPORE,SGSIN,,16/8/2022 0:00,SINGAPORE,SGSIN,,,NHAVA SHEVA,INNSA,21/8/2022 0:00,NHAVA SHEVA,INNSA,,SEA
APL,C3MAPL,BANGKOK,340C2NAPL,9197349,7 days,SINGAPORE,SGSIN,14/8/2022 15:00,16/8/2022 10:00,SINGAPORE,SGSIN,,14/8/2022 15:00,NHAVA SHEVA,INNSA,23/8/2022 8:00,NHAVA SHEVA,INNSA,,SEA-SEA
APL,C3MAPL,BANGKOK,340C2NAPL,9197349,7 days,SINGAPORE,SGSIN,14/8/2022 15:00,16/8/2022 10:00,SINGAPORE,SGSIN,,14/8/2022 15:00,NHAVA SHEVA,INNSA,23/8/2022 21:39,NHAVA SHEVA,INNSA,,SEA-SEA
CMA CGM,AS1,APL OREGON,0FF6JW1MA,9532783,6 days,SINGAPORE,SGSIN,15/8/2022 0:00,16/8/2022 17:00,SINGAPORE,SGSIN,,15/8/2022 0:00,NHAVA SHEVA,INNSA,22/8/2022 15:00,NHAVA SHEVA,INNSA,,SEA
COSCO,AS1,APL OREGON,0FF6JW1MA,9532783,6 days,SINGAPORE,SGSIN,15/8/2022 13:00,16/8/2022 17:00,SINGAPORE,SGSIN,,15/8/2022 13:00,NHAVA SHEVA,INNSA,22/8/2022 15:00,NHAVA SHEVA,INNSA,,FEEDER
Ocean Network Express,SIX,SINAR SUNDA,118W,9866469,8 days,SINGAPORE,SGSIN,14/8/2022 12:00,16/8/2022 18:00,SINGAPORE,SGSIN,,14/8/2022 12:00,NHAVA SHEVA,INNSA,22/8/2022 18:00,NHAVA SHEVA,INNSA,,SEA
APL,C3MAPL,ANTON SCHEPERS,1648INAPL,9255763,6 days,SINGAPORE,SGSIN,15/8/2022 16:00,17/8/2022 3:00,SINGAPORE,SGSIN,,15/8/2022 16:00,NHAVA SHEVA,INNSA,23/8/2022 21:39,NHAVA SHEVA,INNSA,,SEA-SEA
APL,C3MAPL,ANTON SCHEPERS,1648INAPL,9255763,6 days,SINGAPORE,SGSIN,15/8/2022 16:00,17/8/2022 3:00,SINGAPORE,SGSIN,,15/8/2022 16:00,NHAVA SHEVA,INNSA,23/8/2022 8:00,NHAVA SHEVA,INNSA,,SEA-SEA
CMA CGM,AS6,XIN HONG KONG,0KC3JW1MA,9314222,5 days,SINGAPORE,SGSIN,16/8/2022 0:00,17/8/2022 17:00,SINGAPORE,SGSIN,,16/8/2022 0:00,NHAVA SHEVA,INNSA,23/8/2022 8:00,NHAVA SHEVA,INNSA,,SEA
APL,AS6,XIN HONG KONG,0KC3JW1PL,9314222,5 days,SINGAPORE,SGSIN,16/8/2022 12:00,17/8/2022 17:00,SINGAPORE,SGSIN,,16/8/2022 12:00,NHAVA SHEVA,INNSA,23/8/2022 8:00,NHAVA SHEVA,INNSA,,SEA
GOLD STAR,CI1,XIN HONG KONG,110,9314222,6 days,SINGAPORE,SGSIN,,18/8/2022 0:00,SINGAPORE,SGSIN,,,NHAVA SHEVA,INNSA,24/8/2022 0:00,NHAVA SHEVA,INNSA,,SEA
APL,C3MAPL,---,1908INAPL,9999999,5 days,SINGAPORE,SGSIN,16/8/2022 13:45,18/8/2022 0:45,SINGAPORE,SGSIN,,16/8/2022 13:45,NHAVA SHEVA,INNSA,23/8/2022 21:39,NHAVA SHEVA,INNSA,,SEA-SEA
APL,AS9,CIMBRIA,0HG53W1PL,9241190,5 days,SINGAPORE,SGSIN,16/8/2022 21:13,18/8/2022 2:13,SINGAPORE,SGSIN,,16/8/2022 21:13,NHAVA SHEVA,INNSA,23/8/2022 21:39,NHAVA SHEVA,INNSA,,SEA
OOCL,CIX1,XIN HONG KONG,056W,9314222,6 days,SINGAPORE,SGSIN,17/8/2022 1:00,18/8/2022 3:00,SINGAPORE,SGSIN,,17/8/2022 1:00,NHAVA SHEVA,INNSA,24/8/2022 16:00,NHAVA SHEVA,INNSA,,SEA
COSCO,CI1,XIN HONG KONG,056W,9314222,6 days,SINGAPORE,SGSIN,13/8/2022 23:00,18/8/2022 3:00,SINGAPORE,SGSIN,,13/8/2022 23:00,NHAVA SHEVA,INNSA,24/8/2022 16:00,NHAVA SHEVA,INNSA,,FEEDER
HAPAG LLOYD,CIX,GABRIELA A,W005,9312432,7 days,SINGAPORE,SGSIN,17/8/2022 19:00,18/8/2022 10:00,SINGAPORE,SGSIN,,17/8/2022 19:00,NHAVA SHEVA,INNSA,25/8/2022 11:00,NHAVA SHEVA,INNSA,,SEA
EVERGREEN MARINE,CIX2,SHIMIN,22005W,9326782,9 days,SINGAPORE,SGSIN,,18/8/2022 0:00,SINGAPORE,SGSIN,,,NHAVA SHEVA,INNSA,27/8/2022 0:00,NHAVA SHEVA,INNSA,,----SEA
PIL,,HONG CHANG SHENG,2234W,,8 days,SINGAPORE,SGSIN,,19/8/2022 0:00,SINGAPORE,SGSIN,,,NHAVA SHEVA,INNSA,27/8/2022 0:00,NHAVA SHEVA,INNSA,,SEA
PIL,,KOTA MEGAH,0138W,9632765,7 days,SINGAPORE,SGSIN,,19/8/2022 0:00,SINGAPORE,SGSIN,,,NHAVA SHEVA,INNSA,26/8/2022 0:00,NHAVA SHEVA,INNSA,,SEA
EVERGREEN,CIX2,SHIMIN,22005W,9326782,9 days,SINGAPORE,SGSIN,,18/8/2022 0:00,SINGAPORE,SGSIN,,,NHAVA SHEVA,INNSA,27/8/2022 0:00,NHAVA SHEVA,INNSA,,----SEA
PIL,,FRED,0071W,,8 days,SINGAPORE,SGSIN,,21/8/2022 0:00,SINGAPORE,SGSIN,,,NHAVA SHEVA,INNSA,29/8/2022 0:00,NHAVA SHEVA,INNSA,,SEA
PIL,,CIMBRIA,0149W,,8 days,SINGAPORE,SGSIN,,21/8/2022 0:00,SINGAPORE,SGSIN,,,NHAVA SHEVA,INNSA,29/8/2022 0:00,NHAVA SHEVA,INNSA,,SEA
APL,NEWMO,MSC ROMA,0NND6W1PL,9304447,12 days,MELBOURNE,AUMEL,29/7/2022 14:00,1/8/2022 14:00,MELBOURNE,AUMEL,,29/7/2022 14:00,SINGAPORE,SGSIN,13/8/2022 22:00,SINGAPORE,SGSIN,,SEA
ANL,NEWMO,MSC ROMA,0NND6W1NL,9304447,12 days,MELBOURNE,AUMEL,28/7/2022 0:00,1/8/2022 14:00,MELBOURNE,AUMEL,,28/7/2022 0:00,SINGAPORE,SGSIN,13/8/2022 22:00,SINGAPORE,SGSIN,,SEA
PIL,,KOTA LUMAYAN,0152N,9494541,17 days,MELBOURNE,AUMEL,,2/8/2022 0:00,MELBOURNE,AUMEL,,,SINGAPORE,SGSIN,19/8/2022 0:00,SINGAPORE,SGSIN,,SEA
PIL,,KOTA NAZAR,0147N,,16 days,MELBOURNE,AUMEL,,2/8/2022 0:00,MELBOURNE,AUMEL,,,SINGAPORE,SGSIN,18/8/2022 0:00,SINGAPORE,SGSIN,,SEA
APL,AAX2ANL,CMA CGM MOLIERE,0AB9IN1PL,9401099,19 days,MELBOURNE,AUMEL,30/7/2022 22:00,2/8/2022 6:00,MELBOURNE,AUMEL,,30/7/2022 22:00,SINGAPORE,SGSIN,22/8/2022 1:00,SINGAPORE,SGSIN,,SEA
COSCO,AAA1,KOTA LUMAYAN,152N,9494541,17 days,MELBOURNE,AUMEL,30/7/2022 14:00,2/8/2022 15:00,MELBOURNE,AUMEL,,30/7/2022 14:00,SINGAPORE,SGSIN,19/8/2022 4:00,SINGAPORE,SGSIN,,SEA
OOCL,AAA1,KOTA LUMAYAN,152N,9494541,17 days,MELBOURNE,AUMEL,1/8/2022 7:00,2/8/2022 15:00,MELBOURNE,AUMEL,,1/8/2022 7:00,SINGAPORE,SGSIN,19/8/2022 4:00,SINGAPORE,SGSIN,,SEA
Ocean Network Express,AU2,CMA CGM MOLIERE,229N,9401099,29 days,MELBOURNE,AUMEL,31/7/2022 17:00,2/8/2022 22:00,MELBOURNE,AUMEL,,31/7/2022 17:00,SINGAPORE,SGSIN,29/8/2022 1:00,SINGAPORE,SGSIN,,SEA
HAPAG LLOYD,S2A,CMA CGM MOLIERE,229N,9401099,27 days,MELBOURNE,AUMEL,30/7/2022 12:00,2/8/2022 22:00,MELBOURNE,AUMEL,,30/7/2022 12:00,SINGAPORE,SGSIN,29/8/2022 1:00,SINGAPORE,SGSIN,,SEA
ANL,AAX2ANL,CMA CGM MOLIERE,0AB9IN1NL,9401099,25 days,MELBOURNE,AUMEL,31/7/2022 0:00,2/8/2022 22:00,MELBOURNE,AUMEL,,31/7/2022 0:00,SINGAPORE,SGSIN,28/8/2022 14:00,SINGAPORE,SGSIN,,SEA
HAPAG LLOYD,S2A,GSL CHRISTEL ELISABETH,228N,9280641,19 days,MELBOURNE,AUMEL,25/7/2022 17:30,4/8/2022 14:00,MELBOURNE,AUMEL,,25/7/2022 17:30,SINGAPORE,SGSIN,23/8/2022 1:00,SINGAPORE,SGSIN,,SEA
APL,NEWMO,MSC AMALFI,0NND8W1PL,9605279,12 days,MELBOURNE,AUMEL,1/8/2022 20:00,4/8/2022 21:00,MELBOURNE,AUMEL,,1/8/2022 20:00,SINGAPORE,SGSIN,16/8/2022 22:00,SINGAPORE,SGSIN,,SEA
HAPAG LLOYD,SAL,NAVIOS DOMINO,2072N,9478494,15 days,MELBOURNE,AUMEL,2/8/2022 13:00,4/8/2022 22:00,MELBOURNE,AUMEL,,2/8/2022 13:00,SINGAPORE,SGSIN,19/8/2022 16:30,SINGAPORE,SGSIN,,SEA
COSCO,ASAL,NAVIOS DOMINO,2072N,9478494,15 days,MELBOURNE,AUMEL,31/7/2022 6:00,4/8/2022 22:00,MELBOURNE,AUMEL,,31/7/2022 6:00,SINGAPORE,SGSIN,19/8/2022 16:00,SINGAPORE,SGSIN,,SEA
MSC,AUSTRALIA EXPRESS,MSC AMALFI,MA230R,9605279,13 days,MELBOURNE,AUMEL,,5/8/2022 21:00,MELBOURNE,AUMEL,,,SINGAPORE,SGSIN,18/8/2022 5:00,SINGAPORE,SGSIN,,SEA
PIL,,KOTA NEBULA,0123N,,11 days,MELBOURNE,AUMEL,,6/8/2022 0:00,MELBOURNE,AUMEL,,,SINGAPORE,SGSIN,17/8/2022 0:00,SINGAPORE,SGSIN,,SEA
PIL,,XIN XIA MEN,0100N,,14 days,MELBOURNE,AUMEL,,7/8/2022 0:00,MELBOURNE,AUMEL,,,SINGAPORE,SGSIN,21/8/2022 0:00,SINGAPORE,SGSIN,,SEA
GOLD STAR,C2A,ALS VESTA,5,9525950,16 days,MELBOURNE,AUMEL,,7/8/2022 0:00,MELBOURNE,AUMEL,,,SINGAPORE,SGSIN,23/8/2022 0:00,SINGAPORE,SGSIN,,SEA-SEA
ANL,NEWMO,MSC AMALFI,0NND8W1NL,9605279,12 days,MELBOURNE,AUMEL,3/8/2022 0:00,7/8/2022 6:00,MELBOURNE,AUMEL,,3/8/2022 0:00,SINGAPORE,SGSIN,19/8/2022 22:00,SINGAPORE,SGSIN,,SEA
COSCO,AAA2,XIN XIA MEN,100N,9270476,14 days,MELBOURNE,AUMEL,5/8/2022 17:00,7/8/2022 19:00,MELBOURNE,AUMEL,,5/8/2022 17:00,SINGAPORE,SGSIN,21/8/2022 14:00,SINGAPORE,SGSIN,,SEA
OOCL,AAA2,XIN XIA MEN,100N,9270476,14 days,MELBOURNE,AUMEL,5/8/2022 17:00,7/8/2022 19:00,MELBOURNE,AUMEL,,5/8/2022 17:00,SINGAPORE,SGSIN,21/8/2022 14:00,SINGAPORE,SGSIN,,SEA
HAPAG LLOYD,SEA,MAERSK SEOUL,229N,9306550,21 days,MELBOURNE,AUMEL,4/8/2022 17:30,8/8/2022 3:00,MELBOURNE,AUMEL,,4/8/2022 17:30,SINGAPORE,SGSIN,29/8/2022 9:00,SINGAPORE,SGSIN,,SEA
PIL,,OOCL YOKOHAMA,0174N,9329538,17 days,MELBOURNE,AUMEL,,9/8/2022 0:00,MELBOURNE,AUMEL,,,SINGAPORE,SGSIN,26/8/2022 0:00,SINGAPORE,SGSIN,,SEA
ANL,AAXANL,MAERSK SEOUL,0XNBSN1NL,9306550,19 days,MELBOURNE,AUMEL,6/8/2022 0:00,9/8/2022 4:00,MELBOURNE,AUMEL,,6/8/2022 0:00,SINGAPORE,SGSIN,28/8/2022 11:00,SINGAPORE,SGSIN,,SEA
Ocean Network Express,AU1,MAERSK SEOUL,229N,9306550,22 days,MELBOURNE,AUMEL,6/8/2022 17:00,9/8/2022 4:00,MELBOURNE,AUMEL,,6/8/2022 17:00,SINGAPORE,SGSIN,28/8/2022 11:00,SINGAPORE,SGSIN,,SEA
HAMBURG SUD,AUSE1,MAERSK SEOUL,229N,9306550,20 days,MELBOURNE,AUMEL,6/8/2022 6:00,9/8/2022 4:00,MELBOURNE,AUMEL,,6/8/2022 6:00,SINGAPORE,SGSIN,28/8/2022 11:00,SINGAPORE,SGSIN,,SEA
APL,AAXANL,MAERSK SEOUL,0XNBSN1PL,9306550,19 days,MELBOURNE,AUMEL,6/8/2022 6:00,9/8/2022 4:00,MELBOURNE,AUMEL,,6/8/2022 6:00,SINGAPORE,SGSIN,28/8/2022 11:00,SINGAPORE,SGSIN,,SEA
COSCO,AAA1,OOCL YOKOHAMA,174N,9329538,17 days,MELBOURNE,AUMEL,6/8/2022 14:00,9/8/2022 15:00,MELBOURNE,AUMEL,,6/8/2022 14:00,SINGAPORE,SGSIN,26/8/2022 4:00,SINGAPORE,SGSIN,,SEA
OOCL,AAA1,OOCL YOKOHAMA,174N,9329538,17 days,MELBOURNE,AUMEL,8/8/2022 7:00,9/8/2022 15:00,MELBOURNE,AUMEL,,8/8/2022 7:00,SINGAPORE,SGSIN,26/8/2022 4:00,SINGAPORE,SGSIN,,SEA
GOLD STAR,C2A,GSL AFRICA,924,9473626,16 days,MELBOURNE,AUMEL,,10/8/2022 0:00,MELBOURNE,AUMEL,,,SINGAPORE,SGSIN,26/8/2022 0:00,SINGAPORE,SGSIN,,SEA-SEA
MAERSK,COBRA,MAERSK SEOUL,229N,9306550,19 days,MELBOURNE,AUMEL,,11/8/2022 8:00,MELBOURNE,AUMEL,,,SINGAPORE,SGSIN,29/8/2022 23:00,SINGAPORE,SGSIN,,SEA
MAERSK,COBRA,MAERSK SEOUL,229N,9306550,19 days,MELBOURNE,AUMEL,,11/8/2022 8:00,MELBOURNE,AUMEL,,,SINGAPORE,SGSIN,29/8/2022 23:00,SINGAPORE,SGSIN,,SEA-TRUCK
MSC,AUSTRALIA EXPRESS,APL MIAMI,MA231R,9597549,12 days,MELBOURNE,AUMEL,,13/8/2022 14:00,MELBOURNE,AUMEL,,,SINGAPORE,SGSIN,25/8/2022 22:00,SINGAPORE,SGSIN,,SEA
ANL,NEWMO,APL MIAMI,0NNDAW1NL,9597549,12 days,MELBOURNE,AUMEL,10/8/2022 0:00,13/8/2022 14:00,MELBOURNE,AUMEL,,10/8/2022 0:00,SINGAPORE,SGSIN,25/8/2022 22:00,SINGAPORE,SGSIN,,SEA
APL,NEWMO,APL MIAMI,0NNDAW1PL,9597549,12 days,MELBOURNE,AUMEL,10/8/2022 20:00,13/8/2022 14:00,MELBOURNE,AUMEL,,10/8/2022 20:00,SINGAPORE,SGSIN,25/8/2022 22:00,SINGAPORE,SGSIN,,SEA
MSC,AUSTRALIA EXPRESS,C HAMBURG,MA232R,9450375,14 days,MELBOURNE,AUMEL,,15/8/2022 14:00,MELBOURNE,AUMEL,,,SINGAPORE,SGSIN,29/8/2022 22:00,SINGAPORE,SGSIN,,SEA
APL,NEWMO,C HAMBURG,0NNDEW1PL,9450375,14 days,MELBOURNE,AUMEL,12/8/2022 20:00,15/8/2022 21:00,MELBOURNE,AUMEL,,12/8/2022 20:00,SINGAPORE,SGSIN,29/8/2022 22:00,SINGAPORE,SGSIN,,SEA
ANL,NEWMO,C HAMBURG,0NNDEW1NL,9450375,14 days,MELBOURNE,AUMEL,12/8/2022 0:00,15/8/2022 21:00,MELBOURNE,AUMEL,,12/8/2022 0:00,SINGAPORE,SGSIN,29/8/2022 22:00,SINGAPORE,SGSIN,,SEA
PIL,,OOCL TEXAS,0192N,9329552,12 days,MELBOURNE,AUMEL,,17/8/2022 0:00,MELBOURNE,AUMEL,,,SINGAPORE,SGSIN,29/8/2022 0:00,SINGAPORE,SGSIN,,SEA
COSCO,AAA2,OOCL TEXAS,192N,9329552,12 days,MELBOURNE,AUMEL,14/8/2022 17:00,17/8/2022 11:00,MELBOURNE,AUMEL,,14/8/2022 17:00,SINGAPORE,SGSIN,29/8/2022 9:00,SINGAPORE,SGSIN,,SEA
OOCL,AAA2,OOCL TEXAS,192N,9329552,12 days,MELBOURNE,AUMEL,14/8/2022 17:00,17/8/2022 11:00,MELBOURNE,AUMEL,,14/8/2022 17:00,SINGAPORE,SGSIN,29/8/2022 9:00,SINGAPORE,SGSIN,,SEA
APL,ANZXANL,KOTA LAMBANG,0ZEBIN1PL,9351036,26 days,AUCKLAND,NZAKL,29/7/2022 9:00,1/8/2022 1:00,AUCKLAND,NZAKL,,29/7/2022 9:00,SINGAPORE,SGSIN,27/8/2022 20:00,SINGAPORE,SGSIN,,SEA-SEA
APL,ANZXANL,KOTA LAMBANG,0ZEBIN1PL,9351036,28 days,AUCKLAND,NZAKL,29/7/2022 9:00,1/8/2022 1:00,AUCKLAND,NZAKL,,29/7/2022 9:00,SINGAPORE,SGSIN,29/8/2022 8:00,SINGAPORE,SGSIN,,SEA-SEA
APL,ANZXANL,KOTA LAMBANG,0ZEBIN1PL,9351036,28 days,AUCKLAND,NZAKL,29/7/2022 9:00,1/8/2022 1:00,AUCKLAND,NZAKL,,29/7/2022 9:00,SINGAPORE,SGSIN,29/8/2022 10:00,SINGAPORE,SGSIN,,SEA-SEA
MSC,NEW KIWI EXPRESS,MSC VAIGA III,KE227A,9315836,18 days,AUCKLAND,NZAKL,,2/8/2022 4:30,AUCKLAND,NZAKL,,,SINGAPORE,SGSIN,20/8/2022 12:30,SINGAPORE,SGSIN,,SEA
OOCL,NZS,KOTA LEMBAH,206,,30 days,AUCKLAND,NZAKL,24/7/2022 12:00,7/8/2022 9:00,TAURANGA,NZTRG,,24/7/2022 12:00,SINGAPORE,SGSIN,22/8/2022 22:00,SINGAPORE,SGSIN,,SEA
COSCO,NZS,KOTA LEMBAH,206,9622318,24 days,AUCKLAND,NZAKL,5/8/2022 5:30,7/8/2022 9:00,TAURANGA,NZTRG,,5/8/2022 5:30,SINGAPORE,SGSIN,22/8/2022 22:00,SINGAPORE,SGSIN,,SEA
HAPAG LLOYD,AS2,MSC ARICA,FI237R,9619452,12 days,"QINZHOU, GX",CNQZH,,1/8/2022 0:00,"QINZHOU, GX",CNQZH,,,SINGAPORE,SGSIN,13/8/2022 11:00,SINGAPORE,SGSIN,,----SEA
Ocean Network Express,SX2,MAERSK LAGUNA,230W,9526942,11 days,"QINZHOU, GX",CNQZH,,1/8/2022 2:00,"QINZHOU, GX",CNQZH,,,SINGAPORE,SGSIN,11/8/2022 12:00,SINGAPORE,SGSIN,,FEEDER-SEA
APL,C3MAPL,KOTA NABIL,1112YSAPL,9356830,5 days,"QINZHOU, GX",CNQZH,30/7/2022 15:00,1/8/2022 6:00,"QINZHOU, GX",CNQZH,,30/7/2022 15:00,SINGAPORE,SGSIN,6/8/2022 6:00,SINGAPORE,SGSIN,,SEA
COSCO,QVS,LE CONG,007S,9192686,6 days,"QINZHOU, GX",CNQZH,29/7/2022 12:00,1/8/2022 18:00,"QINZHOU, GX",CNQZH,,29/7/2022 12:00,SINGAPORE,SGSIN,7/8/2022 19:00,SINGAPORE,SGSIN,,FEEDER
PIL,,KOTA RAKYAT,0177S,,4 days,"QINZHOU, GX",CNQZH,,2/8/2022 0:00,"QINZHOU, GX",CNQZH,,,SINGAPORE,SGSIN,6/8/2022 0:00,SINGAPORE,SGSIN,,SEA
EVERGREEN,CVT,EVER CONCERT,0221-012N,9913834,14 days,"QINZHOU, GX",CNQZH,,1/8/2022 0:00,"QINZHOU, GX",CNQZH,,,SINGAPORE,SGSIN,15/8/2022 0:00,SINGAPORE,SGSIN,,----SEA-----SEA
PIL,,KOTA NABIL,0209S,,5 days,"QINZHOU, GX",CNQZH,,2/8/2022 0:00,"QINZHOU, GX",CNQZH,,,SINGAPORE,SGSIN,7/8/2022 0:00,SINGAPORE,SGSIN,,SEA
HAPAG LLOYD,MD3,YM WINDOW,032W,9708435,10 days,"QINZHOU, GX",CNQZH,,2/8/2022 0:00,"QINZHOU, GX",CNQZH,,,SINGAPORE,SGSIN,12/8/2022 4:00,SINGAPORE,SGSIN,,----SEA
EVERGREEN MARINE,CVT,EVER CONCERT,0221-012N,9913834,14 days,"QINZHOU, GX",CNQZH,,1/8/2022 0:00,"QINZHOU, GX",CNQZH,,,SINGAPORE,SGSIN,15/8/2022 0:00,SINGAPORE,SGSIN,,----SEA-----SEA
MCC TRANSPORT,VCS,KOTA NABIL,209S,9356830,5 days,"QINZHOU, GX",CNQZH,,2/8/2022 2:00,"QINZHOU, GX",CNQZH,,,SINGAPORE,SGSIN,6/8/2022 22:01,SINGAPORE,SGSIN,,FEEDER
APL,C3MAPL,KOTA RAKYAT,1162XSAPL,9296341,4 days,"QINZHOU, GX",CNQZH,31/7/2022 15:00,2/8/2022 4:00,"QINZHOU, GX",CNQZH,,31/7/2022 15:00,SINGAPORE,SGSIN,6/8/2022 16:00,SINGAPORE,SGSIN,,SEA
Ocean Network Express,SAS,COSCO IZMIR,068W,9484508,12 days,"QINZHOU, GX",CNQZH,,2/8/2022 7:00,"QINZHOU, GX",CNQZH,,,SINGAPORE,SGSIN,14/8/2022 5:00,SINGAPORE,SGSIN,,FEEDER-SEA
Ocean Network Express,WA1,BALTIC WEST,230W,9409041,8 days,"QINZHOU, GX",CNQZH,,2/8/2022 8:00,"QINZHOU, GX",CNQZH,,,SINGAPORE,SGSIN,10/8/2022 14:00,SINGAPORE,SGSIN,,FEEDER-SEA
Ocean Network Express,MD3,YM WINDOW,032W,9708435,9 days,"QINZHOU, GX",CNQZH,,2/8/2022 8:00,"QINZHOU, GX",CNQZH,,,SINGAPORE,SGSIN,11/8/2022 11:00,SINGAPORE,SGSIN,,FEEDER-SEA
Ocean Network Express,FE2,MOL TREASURE,017W,9773222,15 days,"QINZHOU, GX",CNQZH,,2/8/2022 15:00,"QINZHOU, GX",CNQZH,,,SINGAPORE,SGSIN,16/8/2022 23:00,SINGAPORE,SGSIN,,FEEDER-SEA
Ocean Network Express,EC4,MADRID BRIDGE,018E,9805453,18 days,"QINZHOU, GX",CNQZH,,2/8/2022 18:00,"QINZHOU, GX",CNQZH,,,SINGAPORE,SGSIN,20/8/2022 12:00,SINGAPORE,SGSIN,,FEEDER-SEA
Ocean Network Express,SX1,MSC ARICA,FI230A,9619452,10 days,"QINZHOU, GX",CNQZH,,3/8/2022 5:00,"QINZHOU, GX",CNQZH,,,SINGAPORE,SGSIN,13/8/2022 11:00,SINGAPORE,SGSIN,,FEEDER-SEA
Ocean Network Express,EA3,GSL LALO,191W,9330525,9 days,"QINZHOU, GX",CNQZH,,3/8/2022 8:00,"QINZHOU, GX",CNQZH,,,SINGAPORE,SGSIN,12/8/2022 2:00,SINGAPORE,SGSIN,,FEEDER-SEA
Ocean Network Express,CCX,DAPHNE,838W,9298648,10 days,"QINZHOU, GX",CNQZH,,3/8/2022 8:00,"QINZHOU, GX",CNQZH,,,SINGAPORE,SGSIN,13/8/2022 5:00,SINGAPORE,SGSIN,,FEEDER-SEA
Ocean Network Express,JSM,NYK CONSTELLATION,088S,9337626,12 days,"QINZHOU, GX",CNQZH,,3/8/2022 13:00,"QINZHOU, GX",CNQZH,,,SINGAPORE,SGSIN,15/8/2022 15:00,SINGAPORE,SGSIN,,FEEDER-SEA
CNC,WAX,CMA CGM MONTOIR,0WWCTW1NC,9348443,12 days,"QINZHOU, GX",CNQZH,,3/8/2022 22:00,"QINZHOU, GX",CNQZH,,,SINGAPORE,SGSIN,16/8/2022 1:00,SINGAPORE,SGSIN,,FEEDER-SEA
CMA CGM,JTSCNC,YM CONSTANCY,0JRBLS1MA,9864576,14 days,"QINZHOU, GX",CNQZH,,3/8/2022 22:00,"QINZHOU, GX",CNQZH,,,SINGAPORE,SGSIN,18/8/2022 9:00,SINGAPORE,SGSIN,,FEEDER-SEA
CMA CGM,KCM2CNC,HONGKONG BRIDGE,0BYBXS1MA,9224336,15 days,"QINZHOU, GX",CNQZH,,3/8/2022 22:00,"QINZHOU, GX",CNQZH,,,SINGAPORE,SGSIN,19/8/2022 15:30,SINGAPORE,SGSIN,,FEEDER-SEA
CNC,JTSCNC,YM CONSTANCY,0JRBLS1NC,9864576,14 days,"QINZHOU, GX",CNQZH,,3/8/2022 22:00,"QINZHOU, GX",CNQZH,,,SINGAPORE,SGSIN,18/8/2022 9:00,SINGAPORE,SGSIN,,FEEDER-SEA
CNC,KCM2CNC,CMA CGM CAIMEP,0BYBXS1NC,9431757,17 days,"QINZHOU, GX",CNQZH,,3/8/2022 22:00,"QINZHOU, GX",CNQZH,,,SINGAPORE,SGSIN,21/8/2022 14:00,SINGAPORE,SGSIN,,FEEDER-SEA
COSCO,CME,SPIL KARTINI,024S,9353266,7 days,"QINZHOU, GX",CNQZH,3/8/2022 18:00,3/8/2022 22:00,"QINZHOU, GX",CNQZH,,3/8/2022 18:00,SINGAPORE,SGSIN,10/8/2022 8:00,SINGAPORE,SGSIN,,BARGE-FEEDER
CMA CGM,WAX,CMA CGM MONTOIR,0WWCTW1MA,9348443,12 days,"QINZHOU, GX",CNQZH,,3/8/2022 22:00,"QINZHOU, GX",CNQZH,,,SINGAPORE,SGSIN,16/8/2022 1:00,SINGAPORE,SGSIN,,FEEDER-SEA
GOLD STAR,UNK,ZHAOQING HONG KONG BARGE,520,,15 days,"QINZHOU, GX",CNQZH,,4/8/2022 0:00,"QINZHOU, GX",CNQZH,,,SINGAPORE,SGSIN,19/8/2022 0:00,SINGAPORE,SGSIN,,SEA-SEA
Ocean Network Express,SX1,MSC ARICA,FI230A,9619452,10 days,"QINZHOU, GX",CNQZH,,4/8/2022 1:00,"QINZHOU, GX",CNQZH,,,SINGAPORE,SGSIN,13/8/2022 11:00,SINGAPORE,SGSIN,,FEEDER-SEA
OOCL,CSS2,SPIL KARTINI,024S,9353266,6 days,"QINZHOU, GX",CNQZH,4/8/2022 0:00,4/8/2022 2:00,"QINZHOU, GX",CNQZH,,4/8/2022 0:00,SINGAPORE,SGSIN,10/8/2022 8:00,SINGAPORE,SGSIN,,FEEDER-SEA
Ocean Network Express,SAS,COSCO IZMIR,068W,9484508,10 days,"QINZHOU, GX",CNQZH,,4/8/2022 8:00,"QINZHOU, GX",CNQZH,,,SINGAPORE,SGSIN,14/8/2022 5:00,SINGAPORE,SGSIN,,FEEDER-SEA
COSCO,CVX1,MI YUN HE,384S,9228772,21 days,"QINZHOU, GX",CNQZH,29/7/2022 12:00,4/8/2022 13:00,"QINZHOU, GX",CNQZH,,29/7/2022 12:00,SINGAPORE,SGSIN,25/8/2022 1:00,SINGAPORE,SGSIN,,FEEDER-FEEDER
COSCO,CVX1,MI YUN HE,384S,9228772,14 days,"QINZHOU, GX",CNQZH,29/7/2022 12:00,4/8/2022 13:00,"QINZHOU, GX",CNQZH,,29/7/2022 12:00,SINGAPORE,SGSIN,18/8/2022 21:00,SINGAPORE,SGSIN,,FEEDER-FEEDER
COSCO,CVX1,MI YUN HE,384S,9228772,18 days,"QINZHOU, GX",CNQZH,29/7/2022 12:00,4/8/2022 13:00,"QINZHOU, GX",CNQZH,,29/7/2022 12:00,SINGAPORE,SGSIN,22/8/2022 11:00,SINGAPORE,SGSIN,,FEEDER-FEEDER
MSC,SEAGULL,MSC ALEXA,HU230R,9129873,20 days,"QINZHOU, GX",CNQZH,,5/8/2022 3:20,"QINZHOU, GX",CNQZH,,,SINGAPORE,SGSIN,25/8/2022 10:30,SINGAPORE,SGSIN,,SEA
Ocean Network Express,SAS,COSCO IZMIR,068W,9484508,9 days,"QINZHOU, GX",CNQZH,,5/8/2022 8:00,"QINZHOU, GX",CNQZH,,,SINGAPORE,SGSIN,14/8/2022 5:00,SINGAPORE,SGSIN,,FEEDER-SEA
Ocean Network Express,EA4,NYK CLARA,231W,9355408,9 days,"QINZHOU, GX",CNQZH,,5/8/2022 8:00,"QINZHOU, GX",CNQZH,,,SINGAPORE,SGSIN,14/8/2022 4:30,SINGAPORE,SGSIN,,FEEDER-SEA
OOCL,CIX3,OOCL HAMBURG,137W,9252008,14 days,"QINZHOU, GX",CNQZH,5/8/2022 11:00,5/8/2022 13:00,"QINZHOU, GX",CNQZH,,5/8/2022 11:00,SINGAPORE,SGSIN,19/8/2022 10:30,SINGAPORE,SGSIN,,FEEDER-SEA
OOCL,KTX3,VELA,271S,9406180,8 days,"QINZHOU, GX",CNQZH,5/8/2022 12:00,5/8/2022 14:00,"QINZHOU, GX",CNQZH,,5/8/2022 12:00,SINGAPORE,SGSIN,13/8/2022 14:00,SINGAPORE,SGSIN,,FEEDER-SEA
Ocean Network Express,SX1,SALVADOR EXPRESS,2231W,9793894,19 days,"QINZHOU, GX",CNQZH,,5/8/2022 18:00,"QINZHOU, GX",CNQZH,,,SINGAPORE,SGSIN,24/8/2022 23:00,SINGAPORE,SGSIN,,FEEDER-SEA
Ocean Network Express,AG4,COSCO SHIPPING PLANET,022W,9795660,12 days,"QINZHOU, GX",CNQZH,,6/8/2022 6:00,"QINZHOU, GX",CNQZH,,,SINGAPORE,SGSIN,18/8/2022 12:00,SINGAPORE,SGSIN,,FEEDER-SEA
Ocean Network Express,FE2,MOL TREASURE,017W,9773222,11 days,"QINZHOU, GX",CNQZH,,6/8/2022 11:00,"QINZHOU, GX",CNQZH,,,SINGAPORE,SGSIN,16/8/2022 23:00,SINGAPORE,SGSIN,,FEEDER-SEA
Ocean Network Express,JS3,WAN HAI 505,S162,9294874,12 days,"QINZHOU, GX",CNQZH,,6/8/2022 13:00,"QINZHOU, GX",CNQZH,,,SINGAPORE,SGSIN,18/8/2022 18:00,SINGAPORE,SGSIN,,FEEDER-SEA
Ocean Network Express,AR1,WAN HAI 611,060W,9224506,9 days,"QINZHOU, GX",CNQZH,,6/8/2022 13:00,"QINZHOU, GX",CNQZH,,,SINGAPORE,SGSIN,15/8/2022 1:00,SINGAPORE,SGSIN,,FEEDER-SEA
PIL,,KOTA RESTU,0189S,,5 days,"QINZHOU, GX",CNQZH,,7/8/2022 0:00,"QINZHOU, GX",CNQZH,,,SINGAPORE,SGSIN,12/8/2022 0:00,SINGAPORE,SGSIN,,SEA
APL,C3MAPL,KOTA RESTU,1062XSAPL,9V8166,0 days,"QINZHOU, GX",CNQZH,6/8/2022 4:00,7/8/2022 17:00,"QINZHOU, GX",CNQZH,,6/8/2022 4:00,SINGAPORE,SGSIN,7/8/2022 19:00,SINGAPORE,SGSIN,,SEA
HAPAG LLOYD,MD2,AL MURABBA,022W,9708837,11 days,"QINZHOU, GX",CNQZH,,8/8/2022 0:00,"QINZHOU, GX",CNQZH,,,SINGAPORE,SGSIN,19/8/2022 4:00,SINGAPORE,SGSIN,,----SEA
HAPAG LLOYD,MD3,LUDWIGSHAFEN EXPRESS,039W,9613018,10 days,"QINZHOU, GX",CNQZH,,8/8/2022 0:00,"QINZHOU, GX",CNQZH,,,SINGAPORE,SGSIN,18/8/2022 11:00,SINGAPORE,SGSIN,,----SEA
Ocean Network Express,SX2,MAERSK LIRQUEN,231W,9526887,11 days,"QINZHOU, GX",CNQZH,,8/8/2022 2:00,"QINZHOU, GX",CNQZH,,,SINGAPORE,SGSIN,19/8/2022 0:01,SINGAPORE,SGSIN,,FEEDER-SEA
Ocean Network Express,MD1,MILANO BRIDGE,020W,9757187,14 days,"QINZHOU, GX",CNQZH,,8/8/2022 11:00,"QINZHOU, GX",CNQZH,,,SINGAPORE,SGSIN,22/8/2022 3:00,SINGAPORE,SGSIN,,FEEDER-SEA
Ocean Network Express,FP2,ONE CYGNUS,011W,9806081,18 days,"QINZHOU, GX",CNQZH,,8/8/2022 13:00,"QINZHOU, GX",CNQZH,,,SINGAPORE,SGSIN,26/8/2022 16:00,SINGAPORE,SGSIN,,FEEDER-SEA
Ocean Network Express,CIP,KOTA MEGAH,0138W,9632765,10 days,"QINZHOU, GX",CNQZH,,8/8/2022 13:00,"QINZHOU, GX",CNQZH,,,SINGAPORE,SGSIN,18/8/2022 7:00,SINGAPORE,SGSIN,,FEEDER-SEA
COSCO,QVS,LE YI,009S,9192662,6 days,"QINZHOU, GX",CNQZH,8/8/2022 9:00,8/8/2022 18:00,"QINZHOU, GX",CNQZH,,8/8/2022 9:00,SINGAPORE,SGSIN,14/8/2022 19:00,SINGAPORE,SGSIN,,FEEDER
PIL,,KOTA JAYA,0222S,9205677,5 days,"QINZHOU, GX",CNQZH,,9/8/2022 0:00,"QINZHOU, GX",CNQZH,,,SINGAPORE,SGSIN,14/8/2022 0:00,SINGAPORE,SGSIN,,SEA
MCC TRANSPORT,VCS,KOTA JAYA,222S,9205677,5 days,"QINZHOU, GX",CNQZH,,9/8/2022 4:30,"QINZHOU, GX",CNQZH,,,SINGAPORE,SGSIN,14/8/2022 0:30,SINGAPORE,SGSIN,,FEEDER
Ocean Network Express,AG3,YM WELCOME,031W,9708459,14 days,"QINZHOU, GX",CNQZH,,9/8/2022 5:00,"QINZHOU, GX",CNQZH,,,SINGAPORE,SGSIN,23/8/2022 1:00,SINGAPORE,SGSIN,,FEEDER-SEA
Ocean Network Express,SAS,NYK FUJI,114W,9482938,12 days,"QINZHOU, GX",CNQZH,,9/8/2022 7:00,"QINZHOU, GX",CNQZH,,,SINGAPORE,SGSIN,21/8/2022 5:00,SINGAPORE,SGSIN,,FEEDER-SEA
Ocean Network Express,MD2,AL MURABBA,022W,9708837,10 days,"QINZHOU, GX",CNQZH,,9/8/2022 8:00,"QINZHOU, GX",CNQZH,,,SINGAPORE,SGSIN,19/8/2022 4:00,SINGAPORE,SGSIN,,FEEDER-SEA
Ocean Network Express,MD3,LUDWIGSHAFEN EXPRESS,039W,9613018,9 days,"QINZHOU, GX",CNQZH,,9/8/2022 8:00,"QINZHOU, GX",CNQZH,,,SINGAPORE,SGSIN,18/8/2022 11:00,SINGAPORE,SGSIN,,FEEDER-SEA
Ocean Network Express,WA1,---,001W,9999999,8 days,"QINZHOU, GX",CNQZH,,9/8/2022 8:00,"QINZHOU, GX",CNQZH,,,SINGAPORE,SGSIN,17/8/2022 14:00,SINGAPORE,SGSIN,,FEEDER-SEA
APL,C3MAPL,KOTA JAYA,1132YSAPL,9205677,5 days,"QINZHOU, GX",CNQZH,7/8/2022 18:00,9/8/2022 9:00,"QINZHOU, GX",CNQZH,,7/8/2022 18:00,SINGAPORE,SGSIN,14/8/2022 9:00,SINGAPORE,SGSIN,,SEA
Ocean Network Express,FE2,MOL TRIBUTE,019W,9769295,15 days,"QINZHOU, GX",CNQZH,,9/8/2022 15:00,"QINZHOU, GX",CNQZH,,,SINGAPORE,SGSIN,23/8/2022 23:00,SINGAPORE,SGSIN,,FEEDER-SEA
MSC,SEAGULL,XIN BIN ZHOU,HU231R,9185413,20 days,"QINZHOU, GX",CNQZH,,9/8/2022 19:05,"QINZHOU, GX",CNQZH,,,SINGAPORE,SGSIN,29/8/2022 20:40,SINGAPORE,SGSIN,,SEA
COSCO,CSE,XIN QUAN ZHOU,109S,9310032,13 days,"QINZHOU, GX",CNQZH,9/8/2022 18:00,9/8/2022 22:00,"QINZHOU, GX",CNQZH,,9/8/2022 18:00,SINGAPORE,SGSIN,22/8/2022 11:00,SINGAPORE,SGSIN,,BARGE-FEEDER
Ocean Network Express,CCX,XIN WEN ZHOU,144W,9523043,14 days,"QINZHOU, GX",CNQZH,,10/8/2022 8:00,"QINZHOU, GX",CNQZH,,,SINGAPORE,SGSIN,24/8/2022 4:00,SINGAPORE,SGSIN,,FEEDER-SEA
OOCL,CSS3,DELAWARE TRADER,049S,9793715,6 days,"QINZHOU, GX",CNQZH,10/8/2022 8:30,10/8/2022 10:30,"QINZHOU, GX",CNQZH,,10/8/2022 8:30,SINGAPORE,SGSIN,16/8/2022 12:00,SINGAPORE,SGSIN,,FEEDER-SEA
Ocean Network Express,JSM,MOL ENDOWMENT,064S,9333852,12 days,"QINZHOU, GX",CNQZH,,10/8/2022 13:00,"QINZHOU, GX",CNQZH,,,SINGAPORE,SGSIN,22/8/2022 15:00,SINGAPORE,SGSIN,,FEEDER-SEA
CNC,JTSCNC,YM CAPACITY,0JRBNS1NC,9864540,14 days,"QINZHOU, GX",CNQZH,,10/8/2022 22:00,"QINZHOU, GX",CNQZH,,,SINGAPORE,SGSIN,25/8/2022 9:00,SINGAPORE,SGSIN,,FEEDER-SEA
CMA CGM,KCM2CNC,QINGDAO TOWER,0BYBZS1MA,9233832,17 days,"QINZHOU, GX",CNQZH,,10/8/2022 22:00,"QINZHOU, GX",CNQZH,,,SINGAPORE,SGSIN,28/8/2022 6:00,SINGAPORE,SGSIN,,FEEDER-SEA
CMA CGM,WAX,CMA CGM BENOUE,0WWCVW1MA,,12 days,"QINZHOU, GX",CNQZH,,10/8/2022 22:00,"QINZHOU, GX",CNQZH,,,SINGAPORE,SGSIN,23/8/2022 1:00,SINGAPORE,SGSIN,,FEEDER-SEA
CMA CGM,CS1CNC,TONSBERG,0QY7ZS1MA,9216999,13 days,"QINZHOU, GX",CNQZH,,10/8/2022 22:00,"QINZHOU, GX",CNQZH,,,SINGAPORE,SGSIN,24/8/2022 21:00,SINGAPORE,SGSIN,,FEEDER-SEA
CNC,CS1CNC,TONSBERG,0QY7ZS1NC,9216999,10 days,"QINZHOU, GX",CNQZH,,10/8/2022 22:00,"QINZHOU, GX",CNQZH,,,SINGAPORE,SGSIN,21/8/2022 21:00,SINGAPORE,SGSIN,,FEEDER-SEA
CNC,WAX,CMA CGM BENOUE,0WWCVW1NC,,12 days,"QINZHOU, GX",CNQZH,,10/8/2022 22:00,"QINZHOU, GX",CNQZH,,,SINGAPORE,SGSIN,23/8/2022 1:00,SINGAPORE,SGSIN,,FEEDER-SEA
CNC,KCM2CNC,QINGDAO TOWER,0BYBZS1NC,9233832,14 days,"QINZHOU, GX",CNQZH,,10/8/2022 22:00,"QINZHOU, GX",CNQZH,,,SINGAPORE,SGSIN,25/8/2022 8:00,SINGAPORE,SGSIN,,FEEDER-SEA
CMA CGM,JTSCNC,YM CAPACITY,0JRBNS1MA,9864540,14 days,"QINZHOU, GX",CNQZH,,10/8/2022 22:00,"QINZHOU, GX",CNQZH,,,SINGAPORE,SGSIN,25/8/2022 9:00,SINGAPORE,SGSIN,,FEEDER-SEA
EVERGREEN MARINE,CVT,EVER CANDID,0222-029N,9890898,12 days,"QINZHOU, GX",CNQZH,,10/8/2022 0:00,"QINZHOU, GX",CNQZH,,,SINGAPORE,SGSIN,22/8/2022 0:00,SINGAPORE,SGSIN,,----SEA-----SEA
GOLD STAR,UNK,ZHAOQING HONG KONG BARGE,521,,8 days,"QINZHOU, GX",CNQZH,,11/8/2022 0:00,"QINZHOU, GX",CNQZH,,,SINGAPORE,SGSIN,19/8/2022 0:00,SINGAPORE,SGSIN,,SEA-SEA
EVERGREEN,CVT,EVER CANDID,0222-029N,9890898,12 days,"QINZHOU, GX",CNQZH,,10/8/2022 0:00,"QINZHOU, GX",CNQZH,,,SINGAPORE,SGSIN,22/8/2022 0:00,SINGAPORE,SGSIN,,----SEA-----SEA
Ocean Network Express,SX1,SALVADOR EXPRESS,2231W,9793894,14 days,"QINZHOU, GX",CNQZH,,11/8/2022 1:00,"QINZHOU, GX",CNQZH,,,SINGAPORE,SGSIN,24/8/2022 23:00,SINGAPORE,SGSIN,,FEEDER-SEA
Ocean Network Express,PMX,LONG BEACH TRADER,W019,9327803,14 days,"QINZHOU, GX",CNQZH,,11/8/2022 5:00,"QINZHOU, GX",CNQZH,,,SINGAPORE,SGSIN,25/8/2022 9:30,SINGAPORE,SGSIN,,FEEDER-SEA
Ocean Network Express,SAS,NYK FUJI,114W,9482938,10 days,"QINZHOU, GX",CNQZH,,11/8/2022 8:00,"QINZHOU, GX",CNQZH,,,SINGAPORE,SGSIN,21/8/2022 5:00,SINGAPORE,SGSIN,,FEEDER-SEA
OOCL,LL5,CMA CGM BOUGAINVILLE,0FMATW1MA,9702156,6 days,"QINZHOU, GX",CNQZH,8/8/2022 14:00,11/8/2022 16:00,"QINZHOU, GX",CNQZH,,8/8/2022 14:00,SINGAPORE,SGSIN,17/8/2022 11:00,SINGAPORE,SGSIN,,FEEDER-SEA
COSCO,CME,XIN XU ZHOU,139S,9523081,7 days,"QINZHOU, GX",CNQZH,11/8/2022 18:00,11/8/2022 22:00,"QINZHOU, GX",CNQZH,,11/8/2022 18:00,SINGAPORE,SGSIN,18/8/2022 21:00,SINGAPORE,SGSIN,,BARGE-FEEDER
HAPAG LLOYD,MD1,MILANO BRIDGE,020W,9757187,10 days,"QINZHOU, GX",CNQZH,,12/8/2022 0:00,"QINZHOU, GX",CNQZH,,,SINGAPORE,SGSIN,22/8/2022 10:30,SINGAPORE,SGSIN,,----SEA
OOCL,CSS2,XIN XU ZHOU,139S,,6 days,"QINZHOU, GX",CNQZH,12/8/2022 2:00,12/8/2022 4:00,"QINZHOU, GX",CNQZH,,12/8/2022 2:00,SINGAPORE,SGSIN,18/8/2022 21:00,SINGAPORE,SGSIN,,FEEDER-SEA
Ocean Network Express,EA4,KOTA MAKMUR,232W,9632753,9 days,"QINZHOU, GX",CNQZH,,12/8/2022 8:00,"QINZHOU, GX",CNQZH,,,SINGAPORE,SGSIN,21/8/2022 4:30,SINGAPORE,SGSIN,,FEEDER-SEA
Ocean Network Express,SW2,NAVIOS DESTINY,074W,9352418,10 days,"QINZHOU, GX",CNQZH,,12/8/2022 8:00,"QINZHOU, GX",CNQZH,,,SINGAPORE,SGSIN,22/8/2022 2:00,SINGAPORE,SGSIN,,FEEDER-SEA
Ocean Network Express,SAS,NYK FUJI,114W,9482938,9 days,"QINZHOU, GX",CNQZH,,12/8/2022 8:00,"QINZHOU, GX",CNQZH,,,SINGAPORE,SGSIN,21/8/2022 5:00,SINGAPORE,SGSIN,,FEEDER-SEA
OOCL,CIX3,OOCL LUXEMBOURG,097W,9417270,14 days,"QINZHOU, GX",CNQZH,12/8/2022 11:00,12/8/2022 13:00,"QINZHOU, GX",CNQZH,,12/8/2022 11:00,SINGAPORE,SGSIN,26/8/2022 15:30,SINGAPORE,SGSIN,,FEEDER-SEA
OOCL,KTX3,OOCL JAKARTA,147S,,8 days,"QINZHOU, GX",CNQZH,12/8/2022 12:00,12/8/2022 14:00,"QINZHOU, GX",CNQZH,,12/8/2022 12:00,SINGAPORE,SGSIN,20/8/2022 14:00,SINGAPORE,SGSIN,,FEEDER-SEA
Ocean Network Express,SX1,SEASPAN RAPTOR,2232W,9793911,15 days,"QINZHOU, GX",CNQZH,,12/8/2022 18:00,"QINZHOU, GX",CNQZH,,,SINGAPORE,SGSIN,27/8/2022 13:30,SINGAPORE,SGSIN,,FEEDER-SEA
OOCL,CSS3,AS CASPRIA,18S,9399753,7 days,"QINZHOU, GX",CNQZH,12/8/2022 20:00,12/8/2022 22:00,"QINZHOU, GX",CNQZH,,12/8/2022 20:00,SINGAPORE,SGSIN,19/8/2022 4:30,SINGAPORE,SGSIN,,FEEDER-SEA
COSCO,CSE,COSCO COLOMBO,089S,9484285,13 days,"QINZHOU, GX",CNQZH,12/8/2022 18:00,12/8/2022 22:00,"QINZHOU, GX",CNQZH,,12/8/2022 18:00,SINGAPORE,SGSIN,25/8/2022 1:00,SINGAPORE,SGSIN,,BARGE-FEEDER
Ocean Network Express,SW2,NAVIOS DESTINY,074W,9352418,9 days,"QINZHOU, GX",CNQZH,,13/8/2022 6:00,"QINZHOU, GX",CNQZH,,,SINGAPORE,SGSIN,22/8/2022 2:00,SINGAPORE,SGSIN,,FEEDER-SEA
Ocean Network Express,AG4,CSCL INDIAN OCEAN,052W,9695157,9 days,"QINZHOU, GX",CNQZH,,13/8/2022 6:00,"QINZHOU, GX",CNQZH,,,SINGAPORE,SGSIN,22/8/2022 11:00,SINGAPORE,SGSIN,,FEEDER-SEA
Ocean Network Express,FE2,MOL TRIBUTE,019W,9769295,11 days,"QINZHOU, GX",CNQZH,,13/8/2022 11:00,"QINZHOU, GX",CNQZH,,,SINGAPORE,SGSIN,23/8/2022 23:00,SINGAPORE,SGSIN,,FEEDER-SEA
Ocean Network Express,AR1,YM MODESTY,058W,9664885,9 days,"QINZHOU, GX",CNQZH,,13/8/2022 13:00,"QINZHOU, GX",CNQZH,,,SINGAPORE,SGSIN,22/8/2022 1:00,SINGAPORE,SGSIN,,FEEDER-SEA
Ocean Network Express,JS3,OOCL DALIAN,675S,9445526,13 days,"QINZHOU, GX",CNQZH,,13/8/2022 13:00,"QINZHOU, GX",CNQZH,,,SINGAPORE,SGSIN,26/8/2022 11:00,SINGAPORE,SGSIN,,FEEDER-SEA
PIL,,KOTA RAKYAT,0178S,,5 days,"QINZHOU, GX",CNQZH,,14/8/2022 0:00,"QINZHOU, GX",CNQZH,,,SINGAPORE,SGSIN,19/8/2022 0:00,SINGAPORE,SGSIN,,SEA
Ocean Network Express,FEEDER,KOTA JAYA,0222S,9205677,9 days,"QINZHOU, GX",CNQZH,11/8/2022 12:00,14/8/2022 8:00,"QINZHOU, GX",CNQZH,,11/8/2022 12:00,SINGAPORE,SGSIN,19/8/2022 20:00,SINGAPORE,SGSIN,,SEA
OOCL,LL5,CMA CGM BENJAMIN FRANKLIN,0FMAVW1MA,9706891,6 days,"QINZHOU, GX",CNQZH,11/8/2022 8:00,14/8/2022 10:00,"QINZHOU, GX",CNQZH,,11/8/2022 8:00,SINGAPORE,SGSIN,20/8/2022 5:00,SINGAPORE,SGSIN,,FEEDER-SEA
HAPAG LLOYD,AS2,SEASPAN RAPTOR,2232W,9793911,12 days,"QINZHOU, GX",CNQZH,,15/8/2022 0:00,"QINZHOU, GX",CNQZH,,,SINGAPORE,SGSIN,27/8/2022 13:00,SINGAPORE,SGSIN,,----SEA
HAPAG LLOYD,MD2,ZEAL LUMOS,005W,9864241,11 days,"QINZHOU, GX",CNQZH,,15/8/2022 0:00,"QINZHOU, GX",CNQZH,,,SINGAPORE,SGSIN,26/8/2022 3:00,SINGAPORE,SGSIN,,----SEA
HAPAG LLOYD,MD1,JEBEL ALI,022W,9525936,10 days,"QINZHOU, GX",CNQZH,,15/8/2022 0:00,"QINZHOU, GX",CNQZH,,,SINGAPORE,SGSIN,25/8/2022 14:00,SINGAPORE,SGSIN,,----SEA
PIL,,KOTA NABIL,0210S,,5 days,"QINZHOU, GX",CNQZH,,15/8/2022 0:00,"QINZHOU, GX",CNQZH,,,SINGAPORE,SGSIN,20/8/2022 0:00,SINGAPORE,SGSIN,,SEA
Ocean Network Express,SX2,SAN FRANCISCA,015W,9698654,11 days,"QINZHOU, GX",CNQZH,,15/8/2022 2:00,"QINZHOU, GX",CNQZH,,,SINGAPORE,SGSIN,25/8/2022 12:00,SINGAPORE,SGSIN,,FEEDER-SEA
MCC TRANSPORT,VCS,KOTA NABIL,210S,9356830,6 days,"QINZHOU, GX",CNQZH,,15/8/2022 2:00,"QINZHOU, GX",CNQZH,,,SINGAPORE,SGSIN,20/8/2022 22:01,SINGAPORE,SGSIN,,FEEDER
APL,C3MAPL,KOTA NABIL,1152YSAPL,9356830,5 days,"QINZHOU, GX",CNQZH,13/8/2022 15:00,15/8/2022 6:00,"QINZHOU, GX",CNQZH,,13/8/2022 15:00,SINGAPORE,SGSIN,20/8/2022 6:00,SINGAPORE,SGSIN,,SEA
Ocean Network Express,MD1,JEBEL ALI,022W,9525936,9 days,"QINZHOU, GX",CNQZH,,15/8/2022 11:00,"QINZHOU, GX",CNQZH,,,SINGAPORE,SGSIN,24/8/2022 14:00,SINGAPORE,SGSIN,,FEEDER-SEA
Ocean Network Express,CIP,DALIAN,2206W,9391268,15 days,"QINZHOU, GX",CNQZH,,15/8/2022 13:00,"QINZHOU, GX",CNQZH,,,SINGAPORE,SGSIN,30/8/2022 8:30,SINGAPORE,SGSIN,,FEEDER-SEA
COSCO,CVX1,MI YUN HE,385S,9228772,15 days,"QINZHOU, GX",CNQZH,12/8/2022 12:00,15/8/2022 13:00,"QINZHOU, GX",CNQZH,,12/8/2022 12:00,SINGAPORE,SGSIN,30/8/2022 3:00,SINGAPORE,SGSIN,,FEEDER-FEEDER
COSCO,CVX1,MI YUN HE,385S,9228772,13 days,"QINZHOU, GX",CNQZH,12/8/2022 12:00,15/8/2022 13:00,"QINZHOU, GX",CNQZH,,12/8/2022 12:00,SINGAPORE,SGSIN,28/8/2022 21:00,SINGAPORE,SGSIN,,FEEDER-FEEDER
COSCO,QVS,LE CONG,008S,9192686,6 days,"QINZHOU, GX",CNQZH,15/8/2022 9:00,15/8/2022 18:00,"QINZHOU, GX",CNQZH,,15/8/2022 9:00,SINGAPORE,SGSIN,21/8/2022 19:00,SINGAPORE,SGSIN,,FEEDER
HAPAG LLOYD,MD3,YM WORLD,036W,9684653,9 days,"QINZHOU, GX",CNQZH,,16/8/2022 0:00,"QINZHOU, GX",CNQZH,,,SINGAPORE,SGSIN,25/8/2022 21:30,SINGAPORE,SGSIN,,----SEA
APL,C3MAPL,KOTA RAKYAT,1202XSAPL,9296341,1 days,"QINZHOU, GX",CNQZH,14/8/2022 15:00,16/8/2022 4:00,"QINZHOU, GX",CNQZH,,14/8/2022 15:00,SINGAPORE,SGSIN,17/8/2022 9:00,SINGAPORE,SGSIN,,SEA
Ocean Network Express,AG3,HMM HANUL,005W,9869239,10 days,"QINZHOU, GX",CNQZH,,16/8/2022 5:00,"QINZHOU, GX",CNQZH,,,SINGAPORE,SGSIN,25/8/2022 15:00,SINGAPORE,SGSIN,,FEEDER-SEA
Ocean Network Express,MD2,ZEAL LUMOS,005W,9864241,10 days,"QINZHOU, GX",CNQZH,,16/8/2022 8:00,"QINZHOU, GX",CNQZH,,,SINGAPORE,SGSIN,26/8/2022 0:00,SINGAPORE,SGSIN,,FEEDER-SEA
Ocean Network Express,WA1,GIALOVA,232W,9400306,8 days,"QINZHOU, GX",CNQZH,,16/8/2022 8:00,"QINZHOU, GX",CNQZH,,,SINGAPORE,SGSIN,24/8/2022 14:00,SINGAPORE,SGSIN,,FEEDER-SEA
Ocean Network Express,MD3,YM WORLD,036W,9684653,9 days,"QINZHOU, GX",CNQZH,,16/8/2022 8:00,"QINZHOU, GX",CNQZH,,,SINGAPORE,SGSIN,25/8/2022 11:00,SINGAPORE,SGSIN,,FEEDER-SEA
Ocean Network Express,FE2,MOL TRUTH,018W,9773210,15 days,"QINZHOU, GX",CNQZH,,16/8/2022 15:00,"QINZHOU, GX",CNQZH,,,SINGAPORE,SGSIN,30/8/2022 23:00,SINGAPORE,SGSIN,,FEEDER-SEA
OOCL,CSS2,XIN QIN ZHOU,163S,,7 days,"QINZHOU, GX",CNQZH,16/8/2022 14:00,16/8/2022 16:00,"QINZHOU, GX",CNQZH,,16/8/2022 14:00,SINGAPORE,SGSIN,23/8/2022 9:00,SINGAPORE,SGSIN,,FEEDER-SEA
COSCO,CSE,COSCO VALENCIA,055S,9484390,14 days,"QINZHOU, GX",CNQZH,16/8/2022 18:00,16/8/2022 22:00,"QINZHOU, GX",CNQZH,,16/8/2022 18:00,SINGAPORE,SGSIN,30/8/2022 3:00,SINGAPORE,SGSIN,,BARGE-FEEDER
Ocean Network Express,SX1,SEASPAN RAPTOR,2232W,9793911,11 days,"QINZHOU, GX",CNQZH,,17/8/2022 5:00,"QINZHOU, GX",CNQZH,,,SINGAPORE,SGSIN,27/8/2022 13:30,SINGAPORE,SGSIN,,FEEDER-SEA
APL,C3MAPL,KOTA RESTU,1102XSAPL,9V8166,4 days,"QINZHOU, GX",CNQZH,15/8/2022 18:00,17/8/2022 7:00,"QINZHOU, GX",CNQZH,,15/8/2022 18:00,SINGAPORE,SGSIN,21/8/2022 19:00,SINGAPORE,SGSIN,,SEA
Ocean Network Express,EA3,KOTA JOHAN,193W,9641003,9 days,"QINZHOU, GX",CNQZH,,17/8/2022 8:00,"QINZHOU, GX",CNQZH,,,SINGAPORE,SGSIN,26/8/2022 2:00,SINGAPORE,SGSIN,,FEEDER-SEA
Ocean Network Express,EA3,ATHENA,192W,9187344,10 days,"QINZHOU, GX",CNQZH,,17/8/2022 8:00,"QINZHOU, GX",CNQZH,,,SINGAPORE,SGSIN,26/8/2022 20:00,SINGAPORE,SGSIN,,FEEDER-SEA
Ocean Network Express,JSM,MOL GENEROSITY,159S,9535216,12 days,"QINZHOU, GX",CNQZH,,17/8/2022 13:00,"QINZHOU, GX",CNQZH,,,SINGAPORE,SGSIN,29/8/2022 15:00,SINGAPORE,SGSIN,,FEEDER-SEA
CMA CGM,CS1CNC,WAN HAI 321,0QY81S1MA,9871440,10 days,"QINZHOU, GX",CNQZH,,17/8/2022 22:00,"QINZHOU, GX",CNQZH,,,SINGAPORE,SGSIN,28/8/2022 20:00,SINGAPORE,SGSIN,,FEEDER-SEA
CNC,CS1CNC,WAN HAI 321,0QY81S1NC,9871440,11 days,"QINZHOU, GX",CNQZH,,17/8/2022 22:00,"QINZHOU, GX",CNQZH,,,SINGAPORE,SGSIN,29/8/2022 18:00,SINGAPORE,SGSIN,,FEEDER-SEA
CNC,WAX,NORTHERN GENERAL,0WWCXW1NC,9344708,12 days,"QINZHOU, GX",CNQZH,,17/8/2022 22:00,"QINZHOU, GX",CNQZH,,,SINGAPORE,SGSIN,30/8/2022 1:00,SINGAPORE,SGSIN,,FEEDER-SEA
OOCL,CSS3,KOTA GANDING,0093S,9626431,8 days,"QINZHOU, GX",CNQZH,17/8/2022 20:00,17/8/2022 22:00,"QINZHOU, GX",CNQZH,,17/8/2022 20:00,SINGAPORE,SGSIN,25/8/2022 4:30,SINGAPORE,SGSIN,,FEEDER-SEA
CMA CGM,WAX,NORTHERN GENERAL,0WWCXW1MA,9344708,12 days,"QINZHOU, GX",CNQZH,,17/8/2022 22:00,"QINZHOU, GX",CNQZH,,,SINGAPORE,SGSIN,30/8/2022 1:00,SINGAPORE,SGSIN,,FEEDER-SEA
EVERGREEN,CVT,EVER CORE,0223-045N,9875070,11 days,"QINZHOU, GX",CNQZH,,17/8/2022 0:00,"QINZHOU, GX",CNQZH,,,SINGAPORE,SGSIN,28/8/2022 0:00,SINGAPORE,SGSIN,,----SEA-----SEA
EVERGREEN MARINE,CVT,EVER CORE,0223-045N,9875070,11 days,"QINZHOU, GX",CNQZH,,17/8/2022 0:00,"QINZHOU, GX",CNQZH,,,SINGAPORE,SGSIN,28/8/2022 0:00,SINGAPORE,SGSIN,,----SEA-----SEA
Ocean Network Express,SX1,SEASPAN RAPTOR,2232W,9793911,10 days,"QINZHOU, GX",CNQZH,,18/8/2022 1:00,"QINZHOU, GX",CNQZH,,,SINGAPORE,SGSIN,27/8/2022 13:30,SINGAPORE,SGSIN,,FEEDER-SEA
Ocean Network Express,PMX,COSCO ANTWERP,180W,9246396,9 days,"QINZHOU, GX",CNQZH,,18/8/2022 5:00,"QINZHOU, GX",CNQZH,,,SINGAPORE,SGSIN,27/8/2022 2:00,SINGAPORE,SGSIN,,FEEDER-SEA
PIL,,KOTA RESTU,0190S,,5 days,"QINZHOU, GX",CNQZH,,21/8/2022 0:00,"QINZHOU, GX",CNQZH,,,SINGAPORE,SGSIN,26/8/2022 0:00,SINGAPORE,SGSIN,,SEA
PIL,,KOTA JAYA,0223S,9205677,5 days,"QINZHOU, GX",CNQZH,,23/8/2022 0:00,"QINZHOU, GX",CNQZH,,,SINGAPORE,SGSIN,28/8/2022 0:00,SINGAPORE,SGSIN,,SEA
